Main;;;;;;;Main;;;;;AMD, Avvikande mjölk, Status;;Medelflöden (kg/min);;;;Blod (ppm);;;;Konduktivitet (mS/cm);;;;Diverse;;;Toppflöden (kg/min);;;;Mjölkmängder (kg);;;
Starttid;Djurnr;Grupp;MS/MP;Åtgärd;Mjölkningstid (mm:ss);Mjölkmängd (kg);Mjölkningsnummer;OCC(*1000 celler/ml);Avspark;Ofullständig;Spenar hittas ej;Juver;Spene;VF;HF;VB;HB;VF;HF;VB;HB;VF;HF;VB;HB;Användare;Mjölkdestination;Orsak till mjölkavskiljning;VF;HF;VB;HB;VF;HF;VB;HB
2020-11-12 00:00;19;VMS 1;VMS2;Mjölkning;08:56;14,96;1;140;;;;0;;0,78;0,96;0,84;0,72;0;0;0;0;4,46;4,83;4,56;4,31;;Mjölktank;;1,14;1,32;1,20;1,14;2,93;3,36;3,79;4,88
2020-11-12 00:02;20;VMS 1;VMS 1;Mjölkning;08:59;11,18;1;642;;;;1;VB;;1,08;0,90;0,90;;0;0;0;;4,60;5,14;4,05;;Mjölktank;;;1,62;1,32;1,56;;3,14;3,26;4,78
2020-11-12 00:12;47;VMS 1;VMS 1;Mjölkning;05:51;9,80;1;314;;;;0;;0,84;;0,96;1,02;0;;0;0;4,16;;3,93;3,92;;Mjölktank;;1,14;;1,44;1,50;2,31;;3,75;3,74
2020-11-12 00:18;37;VMS 1;VMS2;Mjölkning;05:36;13,02;1;194;;;;0;;0,84;0,90;1,20;1,32;0;0;0;0;4,86;4,89;5,17;5,25;;Divert 1;;1,14;1,26;1,62;1,80;1,96;2,22;4,39;4,45
2020-11-12 00:18;38;VMS 1;VMS 1;Mjölkning;07:13;15,10;1;40;;;;0;;1,02;;1,20;1,14;0;;0;0;4,43;;4,33;4,19;;Mjölktank;;1,38;;1,62;1,56;2,54;;6,29;6,27
2020-11-12 00:24;69;VMS 1;VMS2;Mjölkning;04:37;9,99;1;108;;;;0;;1,08;1,02;1,14;1,08;0;0;0;0;4,06;4,15;4,02;4,11;;Mjölktank;;1,44;1,32;1,50;1,44;2,64;2,19;2,40;2,76
2020-11-12 00:27;9;VMS 1;VMS 1;Mjölkning;05:36;11,99;1;22;;;;0;;1,02;0,96;0,96;0,96;0;0;0;0;4,23;4,19;4,26;4,33;;Mjölktank;;1,44;1,32;1,26;1,38;2,61;2,41;3,30;3,67
2020-11-12 00:30;79;VMS 1;VMS2;Mjölkning;05:44;16,31;1;94;;;;0;;1,44;1,26;1,38;1,26;0;0;0;0;4,60;4,55;4,49;4,24;;Mjölktank;;1,86;1,68;1,80;1,86;4,19;3,62;3,83;4,67
2020-11-12 00:34;93;VMS 1;VMS 1;Mjölkning;05:01;8,25;1;31;;;;0;;0,66;0,78;0,96;0,84;0;0;0;0;4,30;4,39;4,33;4,26;;Mjölktank;;0,96;1,08;1,26;1,32;1,69;1,70;2,42;2,44
2020-11-12 00:40;75;VMS 1;VMS2;Mjölkning;05:31;9,41;1;20;;;;0;;0,48;0,72;0,84;0,84;0;0;0;0;3,79;4,02;4,03;4,05;;Mjölktank;;0,78;1,02;1,14;1,26;1,45;1,83;2,98;3,15
2020-11-12 00:45;26;VMS 1;VMS 1;Mjölkning;05:00;12,20;1;114;;;;0;;1,56;1,50;1,56;;0;0;0;;4,63;4,66;4,87;;;Mjölktank;;2,52;1,98;2,40;;4,52;2,97;4,71;
2020-11-12 00:50;56;VMS 1;VMS2;Mjölkning;04:44;9,40;1;20;;;;0;;1,08;1,26;0,90;1,08;0;0;0;0;4,66;4,62;4,69;5,05;;Mjölktank;;1,44;1,62;1,20;1,38;1,84;2,58;2,56;2,42
2020-11-12 01:02;23;VMS 1;VMS 1;Mjölkning;07:03;11,27;1;277;;;;0;;0,84;0,84;0,66;0,84;0;0;0;0;4,70;4,59;4,66;3,86;;Mjölktank;;1,14;1,26;1,08;1,14;1,97;2,71;3,01;3,58
2020-11-12 01:03;61;VMS 1;VMS2;Mjölkning;09:06;14,30;1;42;;;;0;;0,90;0,84;0,90;0,78;0;0;0;0;4,67;4,62;4,49;4,64;;Mjölktank;;1,20;1,26;1,32;1,26;3,13;3,46;3,52;4,19
2020-11-12 01:10;92;VMS 1;VMS 1;Mjölkning;04:17;8,72;1;;;;;0;;0,84;0,90;1,26;1,02;0;0;0;0;4,56;4,66;4,59;4,54;;Mjölktank;;1,14;1,26;1,68;1,44;1,70;1,76;2,73;2,53
2020-11-12 01:13;10;VMS 1;VMS2;Mjölkning;06:57;11,67;1;91;;;;0;;;1,08;1,32;1,26;;334;0;626;;4,09;4,16;4,31;;Mjölktank;;;1,62;1,86;1,68;;4,03;2,77;4,87
2020-11-12 01:20;11;VMS 1;VMS2;Mjölkning;05:48;9,60;1;34;;;;1;VF;0,30;1,32;1,02;1,08;0;0;0;0;5,80;4,76;5,10;4,91;;Divert 2;;0,54;1,80;1,44;1,56;0,57;3,52;1,62;3,89
2020-11-12 01:23;94;VMS 1;VMS 1;Mjölkning;04:47;8,42;1;34;;;;0;;0,90;0,90;1,02;1,20;0;0;0;0;4,56;4,73;4,59;4,54;;Mjölktank;;1,26;1,20;1,32;1,74;2,20;1,93;2,09;2,20
2020-11-12 01:27;15;VMS 1;VMS2;Mjölkning;11:42;18,35;1;34;;;;0;;0,90;1,08;0,54;0,60;0;0;0;0;4,52;4,63;4,43;4,58;;Mjölktank;;1,32;1,62;0,90;1,08;4,47;4,36;4,70;4,82
2020-11-12 01:30;0;VMS 1;VMS 1;Mjölkning;09:57;9,84;1;214;;;HB;0;;0,66;0,78;0,84;0,00;0;0;0;0;4,56;4,79;4,66;0,00;;Mjölktank;;0,96;1,08;1,20;0,00;3,14;3,04;3,66;0,00
2020-11-12 01:42;25;VMS 1;VMS 1;Mjölkning;09:18;15,90;1;811;;;;1;;1,32;;1,14;1,44;0;;0;0;4,36;;4,46;4,81;;Mjölktank;;1,92;;1,68;1,98;3,95;;5,59;6,36
2020-11-12 01:44;70;VMS 1;VMS2;Mjölkning;10:32;14,62;1;294;;;;0;;0,84;0,66;0,60;;0;0;0;;4,38;4,16;4,23;;;Mjölktank;;1,26;1,02;1,02;;4,06;5,40;5,16;
2020-11-12 01:52;36;VMS 1;VMS 1;Mjölkning;08:05;13,35;1;177;;;;0;;0,78;1,50;1,32;0,36;0;0;0;0;4,77;4,39;4,59;4,61;;Mjölktank;;1,20;2,10;1,68;0,78;2,44;5,90;3,50;1,51
2020-11-12 01:55;84;VMS 1;VMS2;Mjölkning;05:10;5,48;1;;;;;0;;1,02;1,02;1,02;;0;0;450;;4,32;4,36;4,37;;;Mjölktank;;1,32;1,38;1,68;;1,49;2,54;1,45;
2020-11-12 02:01;99;VMS 1;VMS 1;Mjölkning;05:09;8,64;1;88;;;;0;;0,72;0,78;0,78;0,84;0;0;0;0;5,10;5,13;5,00;5,15;;Mjölktank;;1,02;1,08;1,08;1,20;2,16;1,96;2,24;2,28
2020-11-12 02:07;14;VMS 1;VMS2;Mjölkning;06:03;9,85;1;180;;;;0;;1,08;;1,14;1,26;0;;0;0;4,38;;4,90;4,57;;Divert 1;;1,38;;1,62;1,80;2,81;;3,23;3,81
2020-11-12 02:11;74;VMS 1;VMS 1;Mjölkning;05:44;12,13;1;205;;;;0;;0,78;0,96;1,44;1,68;0;0;0;0;5,64;5,19;5,00;5,35;;Mjölktank;;1,26;1,38;2,04;2,22;1,26;2,16;4,30;4,41
2020-11-12 02:14;16;VMS 1;VMS2;Mjölkning;05:15;13,17;1;120;;;;1;;1,26;0,72;1,62;1,26;0;0;346;419;4,99;4,36;4,76;4,64;;Mjölktank;;1,68;1,26;2,10;1,80;3,64;0,51;4,81;4,21
2020-11-12 02:18;54;VMS 1;VMS 1;Mjölkning;06:46;11,67;1;151;;;;0;;0,78;0,48;1,14;1,26;0;0;0;0;4,43;4,19;4,33;4,07;;Mjölktank;;1,32;0,84;1,68;2,04;2,17;1,88;3,45;4,17
2020-11-12 02:20;66;VMS 1;VMS2;Mjölkning;07:15;13,26;1;160;;;;0;VF;0,24;0,96;1,38;1,32;0;0;0;0;5,32;4,57;4,50;4,64;;Mjölktank;;0,54;1,26;1,80;1,80;0,39;3,74;5,08;4,05
2020-11-12 02:25;29;VMS 1;VMS 1;Mjölkning;06:00;9,69;1;57;;;;0;;1,14;0,90;;1,14;0;0;;0;4,29;4,26;;4,21;;Mjölktank;;1,56;1,38;;1,98;3,73;2,81;;3,15
2020-11-12 02:30;62;VMS 1;VMS2;Mjölkning;05:48;8,98;1;202;;;;0;;;0,72;1,08;1,08;;0;0;0;;4,24;4,16;4,11;;Mjölktank;;;1,20;1,80;2,22;;2,35;3,20;3,43
2020-11-12 02:33;42;VMS 1;VMS 1;Mjölkning;05:25;7,79;1;37;;;;0;;0,78;0,66;0,48;0,66;445;0;0;0;4,09;4,26;3,92;3,94;;Mjölktank;;1,26;1,02;0,96;1,20;2,17;1,77;1,60;2,25
2020-11-12 02:39;40;VMS 1;VMS2;Mjölkning;04:42;9,43;1;180;;;;0;;1,20;1,20;;1,32;0;323;;0;4,30;4,37;;4,58;;Mjölktank;;1,62;1,74;;1,80;3,32;3,06;;3,05
2020-11-12 02:40;177;VMS 1;VMS 1;Mjölkning;05:39;12,05;1;177;;;;0;;1,26;1,02;0,84;0,96;0;0;0;0;3,95;4,19;3,73;2,95;;Mjölktank;;1,74;1,50;1,32;1,44;2,85;3,13;2,94;3,13
2020-11-12 02:45;71;VMS 1;VMS2;Mjölkning;07:30;15,01;1;162;;;;0;;0,72;0,84;0,96;0,90;0;0;0;0;4,71;4,78;4,63;4,64;;Mjölktank;;0,96;1,26;1,32;1,38;2,61;2,94;4,49;4,97
2020-11-12 02:48;28;VMS 1;VMS 1;Mjölkning;13:17;12,70;1;77;;;;0;;0,48;0,48;0,42;0,36;0;0;0;0;4,16;4,25;4,13;4,14;;Mjölktank;;0,78;0,90;0,66;0,78;2,83;3,04;3,38;3,45
2020-11-12 02:58;80;VMS 1;VMS2;Mjölkning;06:08;10,87;1;57;;;;0;;0,54;0,84;1,02;1,32;0;0;0;0;3,90;3,97;3,96;3,77;;Mjölktank;;0,90;1,38;1,50;2,10;1,83;2,06;3,20;3,78
2020-11-12 03:02;89;VMS 1;VMS 1;Mjölkning;05:26;9,62;1;37;;;;0;;0,90;0,90;0,84;0,90;0;0;0;0;4,69;4,79;4,60;4,47;;Mjölktank;;1,20;1,38;1,20;1,38;2,04;2,14;2,72;2,72
2020-11-12 03:12;59;VMS 1;VMS 1;Mjölkning;05:39;11,34;1;37;;;;0;;1,14;0,96;1,44;1,14;0;0;0;0;4,16;4,12;3,93;3,74;;Mjölktank;;1,50;1,44;2,10;1,74;2,37;1,99;3,36;3,62
2020-11-12 03:13;123;VMS 1;VMS2;Mjölkning;07:40;16,97;1;28;;;;0;;0,66;0,90;1,08;1,20;0;0;0;0;4,97;5,04;5,24;5,12;;Mjölktank;;1,02;1,38;1,44;1,68;2,96;3,38;5,83;4,80
2020-11-12 03:19;58;VMS 1;VMS 1;Mjölkning;06:04;19,31;1;391;;;;1;;1,86;1,32;0,42;1,86;0;0;0;0;5,43;5,12;5,21;4,68;;Mjölktank;;2,34;1,74;0,90;2,34;5,87;4,68;0,81;7,95
2020-11-12 03:23;22;VMS 1;VMS2;Mjölkning;12:40;5,97;1;22;;VB,HB;VB,HB;0;;0,48;1,08;0,00;0,00;0;0;0;0;4,64;4,64;0,00;0,00;;Mjölktank;;0,90;1,68;0,00;0,00;1,77;4,20;0,00;0,00
2020-11-12 03:26;64;VMS 1;VMS 1;Mjölkning;05:26;11,78;1;194;;;;0;;0,90;1,26;;1,50;0;0;;0;4,89;4,99;;4,69;;Mjölktank;;1,20;1,74;;2,10;3,43;3,79;;4,56
2020-11-12 03:32;44;VMS 1;VMS 1;Mjölkning;06:17;11,90;1;51;;;;0;;0,96;1,02;1,26;1,08;0;0;0;0;3,95;4,11;4,00;4,15;;Mjölktank;;1,32;1,32;1,56;1,50;2,80;2,62;3,03;3,45
2020-11-12 03:36;48;VMS 1;VMS2;Mjölkning;05:50;7,77;1;17;;;;0;;0,78;0,90;;0,84;0;318;;0;4,24;4,30;;4,25;;Mjölktank;;1,20;1,26;;1,26;2,97;2,64;;2,16
2020-11-12 03:40;65;VMS 1;VMS 1;Mjölkning;07:12;14,27;1;28;;;;0;;1,14;1,14;1,62;1,56;0;0;0;0;4,62;4,58;4,61;3,88;;Mjölktank;;1,56;1,62;2,16;2,10;2,81;2,92;3,88;4,66
2020-11-12 03:43;21;VMS 1;VMS2;Mjölkning;07:37;11,68;1;42;;;;0;;0,90;1,08;1,74;0,54;0;0;0;0;4,51;4,50;4,36;4,92;;Mjölktank;;1,50;1,68;2,40;0,90;3,10;2,95;3,94;1,69
2020-11-12 03:48;78;VMS 1;VMS 1;Mjölkning;05:53;15,06;1;37;;;;0;;1,14;1,32;1,20;1,20;0;0;0;0;4,21;4,31;4,20;4,23;;Mjölktank;;1,44;1,74;1,74;1,56;3,43;3,93;4,22;3,48
2020-11-12 03:51;43;VMS 1;VMS2;Mjölkning;06:43;11,21;1;151;;;;0;;0,84;0,84;0,90;0,84;0;0;0;0;4,84;4,91;4,97;4,98;;Mjölktank;;1,20;1,26;1,26;1,26;2,06;2,20;3,69;3,26
2020-11-12 03:55;128;VMS 1;VMS 1;Mjölkning;06:30;9,10;1;200;;;;1;;0,90;;0,90;0,60;0;;0;0;4,15;;5,14;5,03;;Mjölktank;;1,32;;1,44;1,08;4,14;;2,80;2,16
2020-11-12 03:58;82;VMS 1;VMS2;Mjölkning;06:52;10,45;1;257;;;;0;;0,66;0,66;0,72;0,90;0;0;0;0;4,58;4,91;4,63;4,71;;Mjölktank;;1,02;0,90;1,14;1,20;2,07;1,75;3,51;3,12
2020-11-12 04:02;95;VMS 1;VMS 1;Mjölkning;05:16;9,58;1;145;;;;0;;0,90;0,96;0,96;0,90;0;0;0;0;4,29;4,11;4,13;4,22;;Mjölktank;;1,38;1,44;1,38;1,32;2,17;2,14;2,53;2,74
2020-11-12 04:24;30;VMS 1;VMS2;Mjölkning;10:21;18,17;1;2;;;;0;;1,02;1,02;0,78;0,96;0;0;0;0;4,65;4,77;4,77;4,71;;Mjölktank;;1,50;1,50;1,26;1,74;4,60;4,80;3,93;4,84
2020-11-12 04:30;77;VMS 1;VMS 1;Mjölkning;05:16;13,00;1;345;;;;0;VF,HF;1,32;1,44;1,62;1,32;0;0;0;0;5,09;4,78;4,60;3,69;;Mjölktank;;1,74;2,16;2,40;2,04;3,17;3,41;4,45;1,97
2020-11-12 04:38;9;VMS 1;VMS2;Mjölkning;07:12;10,43;2;20;;;;0;;1,02;0,90;0,90;0,90;0;0;0;0;4,25;4,37;4,50;4,51;;Mjölktank;;1,32;1,20;1,32;1,32;2,36;2,11;2,80;3,16
2020-11-12 04:39;97;VMS 1;VMS 1;Mjölkning;08:33;10,88;1;;VB,HB;;;0;;;1,08;0,96;0,72;;0;0;0;;4,64;4,33;3,78;;Mjölktank;;;1,62;1,92;1,14;;4,28;3,12;3,48
2020-11-12 04:46;178;VMS 1;VMS2;Mjölkning;07:57;12,56;1;17;;;;1;VB;0,54;1,02;0,54;0,84;0;0;0;0;6,39;5,84;7,04;5,78;;Mjölktank;;1,20;1,32;0,84;1,26;2,30;3,02;2,31;4,93
2020-11-12 04:49;60;VMS 1;VMS 1;Mjölkning;07:04;9,73;1;;;;;0;;0,72;0,84;0,54;0,60;0;0;0;0;5,48;5,10;4,73;4,92;;Mjölktank;;1,08;1,26;0,84;1,08;2,25;2,59;2,50;2,39
2020-11-12 04:55;24;VMS 1;VMS2;Mjölkning;07:13;11,46;1;385;;;;0;;0,54;0,84;0,72;0,78;0;0;0;0;4,50;4,43;4,45;4,44;;Mjölktank;;0,90;1,26;1,26;1,20;2,63;2,84;3,12;2,87
2020-11-12 04:57;91;VMS 1;VMS 1;Mjölkning;04:27;9,97;1;40;;;;0;;1,20;1,26;0,96;1,08;0;0;0;0;4,67;4,97;4,67;4,99;;Mjölktank;;1,62;1,80;1,32;1,68;2,59;2,44;2,40;2,54
2020-11-12 05:04;93;VMS 1;VMS 1;Mjölkning;04:46;7,63;2;20;;;;0;;0,66;0,72;1,02;0,90;0;0;0;0;4,27;4,50;4,34;4,25;;Mjölktank;;0,96;1,08;1,38;1,38;1,67;1,52;2,21;2,23
2020-11-12 05:11;31;VMS 1;VMS 1;Mjölkning;05:03;10,82;1;191;;;VF;0;;0,00;0,96;1,86;1,56;0;0;0;0;0,00;4,49;4,27;4,52;;Divert 2;;0,00;1,44;2,76;2,28;0,00;1,74;4,72;4,36
2020-11-12 05:17;27;VMS 1;VMS2;Mjölkning;08:27;15,33;1;362;;;;0;;0,78;;0,90;0,90;0;;0;0;4,84;;4,98;4,91;;Mjölktank;;1,08;;1,32;1,32;4,52;;5,54;5,27
2020-11-12 05:17;103;VMS 1;VMS 1;Mjölkning;08:02;8,16;1;445;;;;0;HB;0,60;0,36;0,66;0,54;0;0;0;0;4,20;3,82;4,34;4,79;;Mjölktank;;0,96;0,60;0,96;0,96;1,86;1,91;2,13;2,26
2020-11-12 05:26;96;VMS 1;VMS 1;Mjölkning;16:01;20,05;1;;VB;;;0;;0,60;0,66;0,84;0,78;0;0;0;0;4,54;4,43;4,34;3,90;;Mjölktank;;1,08;1,08;1,32;1,38;3,78;3,58;6,57;6,12
2020-11-12 05:28;38;VMS 1;VMS2;Mjölkning;06:12;11,77;2;65;;;;0;;0,96;;1,14;1,02;0;;0;0;4,10;;4,11;4,10;;Mjölktank;;1,44;;1,56;1,44;2,33;;4,92;4,52
2020-11-12 05:37;100;VMS 1;VMS2;Mjölkning;05:18;6,62;1;31;;;;0;;;0,72;0,78;0,72;;0;0;0;;4,23;4,51;4,37;;Mjölktank;;;1,14;1,20;1,08;;1,78;2,64;2,20
2020-11-12 05:49;41;VMS 1;VMS 1;Mjölkning;08:28;12,04;1;102;;;;0;VF;0,72;0,66;0,96;0,78;0;0;0;0;5,81;4,70;5,21;4,71;;Mjölktank;;1,02;0,96;1,44;1,32;2,22;2,30;3,36;4,16
2020-11-12 05:50;94;VMS 1;VMS2;Mjölkning;04:45;7,44;2;17;;;;0;;0,84;1,02;1,02;1,14;0;0;0;0;4,30;4,50;4,58;4,44;;Mjölktank;;1,14;1,38;1,50;1,56;1,98;1,78;1,84;1,84
2020-11-12 05:57;2;VMS 1;VMS2;Mjölkning;09:49;13,29;1;20;;;;0;;0,72;0,72;0,66;0,84;0;0;0;0;5,04;4,64;4,85;4,64;;Mjölktank;;1,02;1,08;1,08;1,32;2,34;2,86;4,74;3,35
2020-11-12 06:00;3;VMS 1;VMS 1;Mjölkning;19:52;15,01;1;334;;;;1;VB;;1,14;1,44;0,84;;0;0;0;;4,57;7,91;5,52;;Divert 2;;;1,86;2,34;1,20;;5,09;5,83;4,09
2020-11-12 06:09;7;VMS 1;VMS2;Utsläppt omjölkad;00:15;;;;;;;;;;;;;;;;;;;;;;;;;;;;;;;
2020-11-12 06:12;7;VMS 1;VMS2;Utsläppt omjölkad;00:15;;;;;;;;;;;;;;;;;;;;;;;;;;;;;;;
2020-11-12 06:15;7;VMS 1;VMS2;Utsläppt omjölkad;00:16;;;;;;;;;;;;;;;;;;;;;;;;;;;;;;;
2020-11-12 06:19;7;VMS 1;VMS2;Mjölkning;05:08;12,43;1;54;;;;0;;1,38;1,14;1,80;1,68;0;0;0;0;4,10;4,10;4,24;3,77;;Mjölktank;;2,04;1,68;2,34;2,52;2,29;2,25;3,26;4,63
2020-11-12 06:26;13;VMS 1;VMS2;Mjölkning;07:28;8,29;1;248;;;;0;;0,48;0,48;0,60;0,72;0;0;0;0;4,23;4,24;4,31;4,24;;Mjölktank;;0,78;0,78;0,96;1,26;1,15;1,42;2,83;2,89
2020-11-12 06:31;6;VMS 1;VMS 1;Mjölkning;08:17;20,04;1;805;;;;1;HB;1,08;0,96;1,32;1,26;0;0;0;0;3,99;3,97;4,21;5,11;;Mjölktank;;1,56;1,56;1,80;1,74;5,48;5,08;4,37;5,11
2020-11-12 06:41;118;VMS 1;VMS 1;Mjölkning;06:24;14,52;1;154;;;;0;HB;0,90;0,66;1,02;1,02;0;0;0;0;4,53;4,72;4,54;5,23;;Mjölktank;;1,26;1,14;1,38;1,56;3,12;2,49;4,44;4,47
2020-11-12 06:42;61;VMS 1;VMS2;Mjölkning;09:26;10,67;2;222;;;;0;;1,02;0,78;0,78;0,66;0;0;0;0;4,37;4,37;4,37;4,38;;Mjölktank;;1,32;1,20;1,14;1,08;2,24;2,66;2,61;3,16
2020-11-12 06:48;68;VMS 1;VMS 1;Mjölkning;07:46;17,62;1;31;;;;0;HB;1,14;1,08;1,26;1,26;449;0;0;0;3,80;3,85;3,68;4,36;;Mjölktank;;1,62;1,68;1,74;1,86;3,19;3,49;5,78;5,16
2020-11-12 06:52;75;VMS 1;VMS2;Mjölkning;05:54;12,01;2;65;;;;0;;0,54;0,72;1,02;1,02;0;0;0;0;4,03;4,24;4,30;4,38;;Mjölktank;;0,90;1,02;1,44;1,68;2,02;2,36;3,67;3,96
2020-11-12 06:57;12;VMS 1;VMS 1;Mjölkning;05:07;9,49;1;168;;;;0;;0,30;0,96;1,38;1,26;0;0;0;0;4,14;4,72;4,48;4,88;;Mjölktank;;0,66;1,50;1,92;1,92;0,85;1,84;3,81;2,99
2020-11-12 06:59;55;VMS 1;VMS2;Mjölkning;07:56;13,09;1;28;;;;0;;1,14;1,08;0,84;0,96;0;0;0;0;4,24;4,30;4,24;4,31;;Mjölktank;;1,50;1,62;1,20;1,44;3,01;3,23;3,40;3,45
2020-11-12 07:03;0;VMS 1;VMS 1;Mjölkning;09:44;12,61;2;354;;;;0;HB;0,72;0,66;0,84;0,36;0;0;0;0;4,68;4,58;4,75;5,42;;Mjölktank;;1,14;1,02;1,14;0,60;3,32;3,29;4,34;1,66
2020-11-12 07:07;52;VMS 1;VMS2;Mjölkning;04:40;11,05;1;14;;;;0;;1,38;1,80;1,56;1,26;0;0;0;0;4,30;4,10;4,30;4,38;;Mjölktank;;1,86;2,46;2,34;2,10;2,72;2,58;3,29;2,46
2020-11-12 07:14;4;VMS 1;VMS 1;Mjölkning;06:22;15,38;1;311;HB;;;0;HB;1,20;1,20;0,84;0,90;0;0;0;0;4,55;4,52;4,75;5,27;;Mjölktank;;1,56;1,62;1,26;1,50;3,95;4,52;3,69;3,22
2020-11-12 07:15;20;VMS 1;VMS2;Mjölkning;06:51;13,70;2;108;;;;0;;;1,20;0,96;0,96;;0;0;0;;4,71;5,11;4,64;;Mjölktank;;;1,74;1,32;1,38;;4,49;4,38;4,83
2020-11-12 07:22;5;VMS 1;VMS 1;Mjölkning;08:52;15,65;1;840;;;;0;;0,72;0,96;0,66;0,66;0;0;0;0;5,09;5,13;5,02;5,74;;Mjölktank;;1,26;1,32;1,02;1,20;4,05;4,56;4,52;2,52
2020-11-12 07:22;79;VMS 1;VMS2;Mjölkning;04:48;10,11;2;348;;;;0;;1,38;1,26;1,20;1,14;0;0;0;0;4,37;4,44;4,37;4,38;;Mjölktank;;1,74;1,62;1,62;1,56;2,66;2,59;2,25;2,61
2020-11-12 07:39;47;VMS 1;VMS 1;Mjölkning;07:43;14,21;2;368;;;;0;HB;0,96;;0,96;1,08;0;;0;0;4,22;;3,95;4,72;;Mjölktank;;1,32;;1,32;1,44;3,42;;5,54;5,25
2020-11-12 07:41;1;VMS 1;VMS2;Mjölkning;07:39;16,02;1;148;;;;0;;1,26;1,02;1,08;0,90;0;0;0;0;5,38;5,11;4,97;4,98;;Mjölktank;;1,74;1,56;1,44;1,26;5,23;4,11;4,34;2,34
2020-11-12 07:52;99;VMS 1;VMS2;Mjölkning;05:10;9,03;2;142;;;;0;;0,72;0,84;0,90;0,90;0;0;0;0;4,64;4,77;4,77;4,65;;Mjölktank;;1,02;1,32;1,26;1,20;2,22;2,22;2,19;2,40
2020-11-12 07:54;54;VMS 1;VMS 1;Mjölkning;07:28;9,95;2;105;;;;0;HB;0,54;0,42;0,78;0,84;0;0;0;0;4,15;3,92;4,36;4,85;;Mjölktank;;1,08;0,66;1,44;1,44;2,03;1,83;3,02;3,07
2020-11-12 08:05;98;VMS 1;VMS 1;Mjölkning;04:11;11,61;1;45;;;;0;;1,20;1,20;1,50;1,44;0;0;0;0;4,56;4,46;4,29;4,98;;Mjölktank;;1,56;1,68;2,10;1,92;2,40;2,54;3,30;3,37
2020-11-12 08:16;39;VMS 1;VMS2;Mjölkning;08:33;9,80;1;300;;;;0;;0,30;0,66;0,78;0,60;0;0;0;0;3,90;4,44;4,37;4,31;;Mjölktank;;0,48;0,96;1,14;0,90;0,49;1,76;3,98;3,57
2020-11-12 08:17;37;VMS 1;VMS 1;Mjölkning;06:16;14,97;2;65;;;;0;;0,84;0,96;1,20;1,32;0;0;0;0;4,96;4,93;5,04;5,57;;Divert 1;;1,20;1,26;1,56;1,92;2,22;2,54;5,26;4,95
2020-11-12 08:25;63;VMS 1;VMS2;Mjölkning;05:09;5,97;1;134;;;;0;;0,30;0,90;0,66;0,96;0;0;0;0;4,51;5,17;4,97;5,12;;Mjölktank;;0,48;1,44;1,20;1,68;0,61;1,58;1,48;2,30
2020-11-12 08:30;69;VMS 1;VMS 1;Mjölkning;05:39;14,13;2;;;;;0;;1,14;1,14;1,32;1,20;0;0;0;0;4,16;4,20;4,10;4,63;;Mjölktank;;1,56;1,44;1,80;1,68;3,81;3,02;3,37;3,93
2020-11-12 08:32;46;VMS 1;VMS2;Mjölkning;11:31;2,40;1;;;;VF;0;VB;0,24;0,72;1,14;0,48;0;332;432;0;3,95;4,03;4,78;4,10;;Mjölktank;;0,54;1,14;1,50;1,02;0,14;0,41;1,23;0,62
2020-11-12 08:37;25;VMS 1;VMS 1;Mjölkning;07:44;16,13;2;;;;;0;;1,26;;1,08;1,14;0;;0;0;4,56;;4,57;5,23;;Mjölktank;;1,68;;1,62;1,68;3,93;;6,01;6,19
2020-11-12 08:45;95;VMS 1;VMS2;Mjölkning;04:40;6,74;2;62;;;;0;;0,84;0,84;0,84;0,72;0;0;0;0;4,05;4,03;4,10;4,03;;Mjölktank;;1,32;1,38;1,26;1,02;1,55;1,53;1,76;1,90
2020-11-12 08:46;92;VMS 1;VMS 1;Mjölkning;04:53;11,11;2;;;;;0;;0,84;0,96;1,26;1,02;0;0;0;0;4,77;4,74;4,84;5,29;;Mjölktank;;1,14;1,32;1,62;1,44;2,15;2,25;3,41;3,30
2020-11-12 08:51;71;VMS 1;VMS2;Mjölkning;05:29;9,23;2;71;;;;0;;0,60;0,78;0,90;0,84;0;0;0;0;4,25;4,37;4,30;4,30;;Mjölktank;;0,90;1,20;1,26;1,20;1,78;2,01;2,63;2,81
2020-11-12 08:52;66;VMS 1;VMS 1;Mjölkning;07:02;12,57;2;171;;;;1;VF;0,30;0,90;1,38;1,32;0;0;0;0;5,84;4,61;4,51;5,08;;Mjölktank;;0,60;1,26;1,86;1,86;0,49;3,52;4,97;3,59
2020-11-12 08:57;19;VMS 1;VMS2;Mjölkning;12:05;16,55;2;42;;;;0;;0,72;0,90;0,72;0,54;0;0;0;0;4,52;4,97;4,64;4,24;;Mjölktank;;1,02;1,26;1,08;0,96;3,23;3,87;4,14;5,31
2020-11-12 09:00;28;VMS 1;VMS 1;Mjölkning;13:01;11,41;2;94;;;;0;;0,48;0,48;0,42;0,42;0;0;0;0;3,95;4,14;3,98;4,41;;Mjölktank;;0,78;0,78;0,66;0,84;2,65;2,78;3,23;2,75
2020-11-12 09:10;34;VMS 1;VMS2;Mjölkning;05:34;17,57;1;117;VF;;;0;;1,56;1,56;1,62;1,32;0;0;0;0;4,65;4,56;4,70;4,78;;Mjölktank;;2,22;2,16;2,10;1,86;4,15;4,64;4,70;4,08
2020-11-12 09:13;26;VMS 1;VMS 1;Mjölkning;05:07;13,93;2;151;;;;0;;1,68;1,56;1,68;;0;0;0;;4,69;4,81;4,78;;;Mjölktank;;2,28;2,16;2,28;;5,12;3,43;5,38;
2020-11-12 09:19;88;VMS 1;VMS2;Mjölkning;05:52;11,33;1;88;;;;0;;0,84;0,66;0,96;0,78;0;0;0;0;4,52;4,57;4,57;4,37;;Mjölktank;;1,14;1,02;1,32;1,20;2,39;2,50;3,31;3,13
2020-11-12 09:20;8;VMS 1;VMS 1;Mjölkning;05:45;7,21;1;325;;;;1;;0,60;0,90;0,90;0,90;645;0;0;491;4,63;5,15;4,98;5,21;;Mjölktank;;0,84;1,20;1,38;1,20;1,18;1,38;2,00;2,65
2020-11-12 09:26;58;VMS 1;VMS 1;Mjölkning;06:03;11,11;2;465;;;;0;;1,74;1,26;0,66;1,50;0;0;0;0;4,97;4,67;4,78;4,94;;Mjölktank;;2,22;1,74;1,14;2,16;3,78;2,72;0,60;4,01
2020-11-12 09:29;11;VMS 1;VMS2;Mjölkning;08:14;3,91;2;;;HF;;1;VF,VB;0,24;0,90;0,72;0,60;0;0;0;0;9,51;5,10;9,05;4,91;;Divert 2;;0,36;1,32;1,14;1,26;0,31;0,79;0,81;2,00
2020-11-12 09:33;78;VMS 1;VMS 1;Mjölkning;04:51;9,15;2;271;;;;0;;0,84;1,20;1,02;0,84;0;0;0;0;4,16;4,27;4,05;4,54;;Mjölktank;;1,20;1,50;1,38;1,20;2,18;2,56;2,47;1,94
2020-11-12 09:38;56;VMS 1;VMS2;Mjölkning;05:10;10,82;2;80;;;;0;;1,20;1,14;0,96;1,20;0;0;0;0;4,79;4,89;4,91;5,24;;Mjölktank;;1,56;1,74;1,32;1,74;2,01;3,01;3,07;2,73
2020-11-12 09:39;85;VMS 1;VMS 1;Mjölkning;04:01;6,27;1;125;;;;0;HB;1,14;0,90;1,26;1,14;341;0;0;0;3,96;3,87;4,12;4,53;;Mjölktank;;1,68;1,56;1,80;1,74;1,19;1,09;1,91;2,08
2020-11-12 09:44;83;VMS 1;VMS 1;Mjölkning;04:34;6,48;1;260;;;;0;HB;0,90;0,84;1,02;1,14;0;0;0;0;4,30;4,48;4,25;5,13;;Mjölktank;;1,26;1,20;1,44;1,56;1,61;1,77;1,74;1,36
2020-11-12 09:45;42;VMS 1;VMS2;Mjölkning;05:11;7,02;2;88;;;;0;;0,96;0,66;0,60;0,60;0;334;0;0;4,19;4,23;4,24;4,03;;Mjölktank;;1,38;1,08;1,08;0,96;2,09;1,40;1,57;1,96
2020-11-12 09:50;36;VMS 1;VMS 1;Mjölkning;10:50;12,82;2;168;;;;1;HB;0,78;1,50;1,20;0,90;0;0;0;0;4,90;4,48;4,66;6,26;;Mjölktank;;1,14;1,92;1,68;1,38;2,90;5,10;3,19;1,63
2020-11-12 09:54;64;VMS 1;VMS2;Mjölkning;06:45;9,01;2;254;;;;0;;0,96;1,20;;1,20;0;0;;0;4,66;4,76;;4,77;;Mjölktank;;1,26;1,62;;1,56;2,65;3,13;;3,23
2020-11-12 10:01;74;VMS 1;VMS2;Mjölkning;05:36;14,89;2;45;;;;0;VF;1,14;1,02;1,56;1,74;0;0;0;0;5,80;4,89;4,97;5,24;;Mjölktank;;1,56;1,38;2,10;2,34;1,55;2,54;5,23;5,57
2020-11-12 10:05;9;VMS 1;VMS 1;Mjölkning;06:20;13,98;3;51;;;;0;;1,14;0,96;1,14;0,96;0;0;0;0;4,51;4,49;4,53;4,97;;Mjölktank;;1,56;1,44;1,50;1,38;3,10;2,81;3,82;4,25
2020-11-12 10:08;93;VMS 1;VMS2;Mjölkning;05:15;8,75;3;108;;;;0;;0,66;0,78;0,90;0,84;0;0;0;0;4,25;4,36;4,38;4,37;;Mjölktank;;1,08;1,14;1,32;1,20;1,89;1,80;2,59;2,47
2020-11-12 10:15;24;VMS 1;VMS2;Mjölkning;08:31;11,70;2;168;;;;0;;0,54;0,90;0,66;0,84;0;0;0;0;4,38;4,43;4,31;4,37;;Mjölktank;;0,72;1,32;1,02;1,20;2,62;2,73;3,27;3,08
2020-11-12 10:18;11;VMS 1;VMS 1;Utsläppt omjölkad;03:11;;;;;;;;;;;;;;;;;;;;;;;;;;;;;;;
2020-11-12 10:23;14;VMS 1;VMS 1;Mjölkning;06:51;16,05;2;;;;;0;;1,14;;1,38;1,32;0;;0;0;4,71;;4,99;5,23;;Divert 1;;1,56;;2,64;1,74;4,30;;5,64;6,11
2020-11-12 10:27;21;VMS 1;VMS2;Mjölkning;05:12;8,94;2;71;;;;0;HB;1,02;1,02;1,32;0,54;0;0;0;0;4,58;4,43;4,38;5,24;;Mjölktank;;1,44;1,68;1,74;0,90;2,60;2,02;3,02;1,30
2020-11-12 10:31;38;VMS 1;VMS 1;Mjölkning;06:29;11,41;3;;;;;0;;0,84;;1,08;1,02;0;;0;0;4,18;;4,12;4,62;;Mjölktank;;1,32;;1,44;1,38;2,02;;5,09;4,30
2020-11-12 10:59;23;VMS 1;VMS 1;Mjölkning;08:39;13,31;2;45;;;;0;;0,90;0,84;0,66;0,66;0;0;0;0;4,71;4,63;4,66;4,96;;Mjölktank;;1,32;1,20;1,02;1,20;2,56;3,42;3,81;3,52
2020-11-12 11:09;60;VMS 1;VMS 1;Mjölkning;07:03;11,05;2;40;;;;1;;0,78;0,78;0,60;0,66;0;0;0;0;5,79;5,30;5,07;5,56;;Mjölktank;;1,02;1,14;0,90;1,02;2,56;2,95;2,86;2,68
2020-11-12 11:14;11;VMS 1;VMS2;Utsläppt omjölkad;00:54;;;;;;;;;;;;;;;;;;;;;;;;;;;;;;;
2020-11-12 11:15;44;VMS 1;VMS2;Mjölkning;06:18;10,74;2;2;;;;0;;0,78;0,84;1,14;1,02;0;0;0;0;4,02;4,02;4,15;4,09;;Mjölktank;;1,08;1,20;1,50;1,38;2,56;2,40;2,60;3,18
2020-11-12 11:16;128;VMS 1;VMS 1;Mjölkning;06:24;8,89;2;140;;;;1;;1,14;;0,96;0,54;432;;0;0;3,97;;5,00;4,95;;Mjölktank;;1,68;;1,44;1,02;4,38;;2,55;1,96
2020-11-12 11:22;15;VMS 1;VMS2;Mjölkning;12:38;20,53;2;2;;;;0;;0,84;0,96;0,54;0,60;0;0;0;0;4,65;4,63;4,58;4,56;;Mjölktank;;1,32;1,38;1,02;0,96;4,98;4,79;5,35;5,41
2020-11-12 11:26;87;VMS 1;VMS 1;Mjölkning;03:47;5,77;1;205;;;;0;;1,68;1,56;0,84;1,50;327;0;0;0;4,18;4,16;4,34;4,06;;Mjölktank;;2,40;2,10;1,38;2,28;1,53;1,75;0,97;1,52
2020-11-12 11:33;18;VMS 1;VMS 1;Mjölkning;06:48;7,68;1;105;;;;0;;0,84;0,48;0,54;0,30;0;0;0;0;4,12;4,23;4,00;4,27;;Mjölktank;;1,20;0,84;0,84;0,72;2,78;1,99;2,12;0,79
2020-11-12 11:40;43;VMS 1;VMS 1;Mjölkning;06:28;12,71;2;62;;;;0;;0,90;0,84;0,96;0,90;0;0;0;0;5,12;5,17;5,07;5,68;;Mjölktank;;1,20;1,26;1,26;1,26;2,30;2,49;4,23;3,69
2020-11-12 11:41;48;VMS 1;VMS2;Mjölkning;06:18;11,19;2;0;;;;0;;0,96;0,90;;0,84;0;0;;0;4,25;4,36;;4,16;;Mjölktank;;1,32;1,32;;1,32;4,04;3,72;;3,43
2020-11-12 11:47;0;VMS 1;VMS 1;Mjölkning;09:40;11,76;3;182;;;;0;;0,66;0,72;0,84;0,42;0;0;0;0;4,52;4,57;4,67;4,87;;Mjölktank;;1,08;1,14;1,20;0,66;3,69;3,05;4,17;0,85
2020-11-12 11:48;11;VMS 1;VMS2;Mjölkning;05:30;4,63;3;;;;;1;VF,VB;0,36;0,66;0,96;0,48;0;0;0;0;9,65;4,83;7,91;4,23;;Divert 2;;0,66;1,26;1,32;1,02;0,55;2,27;0,79;1,02
2020-11-12 11:57;11;VMS 1;VMS2;Avvisad;05:24;;;;;;;;;;;;;;;;;;;;;;;;;;;;;;;
2020-11-12 11:57;11;VMS 1;VMS2;Mjölkning;04:46;1,59;4;;;;HF;1;VF,VB;0,30;0,12;1,02;0,30;0;0;0;0;7,97;3,08;5,92;3,76;;Divert 2;;0,54;0,24;1,50;0,78;0,33;0,06;0,78;0,42
2020-11-12 12:01;75;VMS 1;VMS 1;Mjölkning;05:12;9,05;3;280;;;;0;HB;0,54;0,66;0,90;0,90;0;0;0;0;3,99;4,17;4,20;4,73;;Mjölktank;;0,78;0,96;1,26;1,26;1,51;1,78;2,91;2,85
2020-11-12 12:03;77;VMS 1;VMS2;Mjölkning;10:44;2,52;2;;VF;VF,VB,HB;VB,HB;0;;1,26;1,32;0,00;0,00;0;0;0;0;4,96;5,16;0,00;0,00;;Mjölktank;;2,22;2,04;0,00;0,00;0,57;1,95;0,00;0,00
2020-11-12 12:10;22;VMS 1;VMS 1;Mjölkning;10:25;12,69;2;168;;;;0;VB;0,54;1,20;0,78;1,14;0;0;0;0;4,59;4,64;5,54;4,99;;Mjölktank;;1,02;1,62;1,50;1,56;2,20;4,11;0,60;5,78
2020-11-12 12:19;10;VMS 1;VMS2;Mjölkning;07:21;12,67;2;88;;;;0;;;1,14;1,26;1,26;;329;0;438;;4,09;4,23;4,25;;Mjölktank;;;1,56;1,80;1,92;;4,29;3,03;5,35
2020-11-12 12:21;94;VMS 1;VMS 1;Mjölkning;04:49;10,79;3;85;;;;0;;1,02;0,96;1,14;1,20;0;0;0;0;4,67;4,77;4,66;4,92;;Mjölktank;;1,56;1,26;1,56;1,74;2,83;2,64;2,67;2,65
2020-11-12 12:27;89;VMS 1;VMS 1;Mjölkning;06:42;14,23;2;25;;;;0;;0,84;0,90;0,90;1,02;0;0;0;0;4,80;4,97;4,73;5,32;;Mjölktank;;1,14;1,26;1,26;1,44;3,22;3,29;3,83;3,89
2020-11-12 12:28;35;VMS 1;VMS2;Mjölkning;09:09;21,48;1;242;;;;1;;1,26;0,84;0,96;0,96;0;0;0;0;5,06;5,36;5,03;4,79;;Mjölktank;;1,68;1,26;1,50;1,38;5,07;3,84;5,85;6,72
2020-11-12 12:37;59;VMS 1;VMS 1;Mjölkning;05:37;15,28;2;51;;;;0;;1,14;1,14;1,56;1,26;0;0;0;0;4,40;4,64;4,27;4,78;;Mjölktank;;1,62;1,50;2,10;1,80;3,44;2,64;5,13;4,07
2020-11-12 12:38;177;VMS 1;VMS2;Mjölkning;06:36;16,55;2;197;;;;0;;1,38;1,20;0,90;0,90;0;0;0;0;3,92;4,35;3,89;3,85;;Mjölktank;;1,80;1,74;1,26;1,20;4,23;4,41;3,92;3,99
2020-11-12 12:43;91;VMS 1;VMS 1;Mjölkning;05:03;11,97;2;37;;;;0;;1,26;1,26;1,02;1,08;0;0;0;0;4,87;5,04;4,81;5,25;;Mjölktank;;1,62;1,80;1,38;1,44;3,17;2,94;2,89;2,97
2020-11-12 12:45;7;VMS 1;VMS2;Mjölkning;04:46;8,93;2;297;;;;0;;1,14;0,84;1,32;1,32;0;0;0;0;4,25;4,28;4,43;4,52;;Mjölktank;;1,68;1,44;2,16;1,92;2,00;1,48;2,64;2,81
2020-11-12 12:50;61;VMS 1;VMS 1;Mjölkning;07:36;12,30;3;31;;;;0;;1,02;0,90;0,96;0,72;0;0;0;0;4,74;4,77;4,81;5,04;;Mjölktank;;1,32;1,32;1,32;1,20;2,50;2,98;3,33;3,49
2020-11-12 12:50;86;VMS 1;VMS2;Mjölkning;06:39;13,82;1;174;;;;0;;0,78;0,90;0,96;0,96;0;0;0;0;4,05;4,08;4,16;4,19;;Mjölktank;;1,08;1,26;1,50;1,32;3,43;4,05;3,30;3,04
2020-11-12 12:58;5;VMS 1;VMS 1;Mjölkning;07:42;12,73;2;1600;;;;0;HB;0,72;0,90;0,66;0,78;0;0;0;0;4,47;4,64;4,61;5,64;;Mjölktank;;1,20;1,14;1,08;1,50;2,92;3,42;3,60;2,79
2020-11-12 12:59;82;VMS 1;VMS2;Mjölkning;06:31;9,88;2;154;;;;0;;0,66;0,60;0,72;0,84;0;0;0;0;4,52;4,75;4,63;4,65;;Mjölktank;;1,08;0,96;1,08;1,20;1,97;1,69;3,24;2,98
2020-11-12 13:06;62;VMS 1;VMS2;Mjölkning;06:42;11,23;2;105;;;;0;;;0,84;1,08;1,20;;0;0;0;;4,21;4,30;4,25;;Mjölktank;;;1,32;2,10;1,98;;2,86;4,06;4,31
2020-11-12 13:07;57;VMS 1;VMS 1;Mjölkning;10:04;10,17;1;727;;;HB;1;;1,26;1,20;0,54;0,00;0;0;0;0;4,61;4,64;4,14;0,00;;Mjölktank;;2,04;1,50;1,08;0,00;3,69;5,60;0,88;0,00
2020-11-12 13:18;118;VMS 1;VMS 1;Mjölkning;07:47;12,68;2;128;;;;0;;0,90;0,72;1,02;0,90;0;0;0;0;4,55;4,64;4,82;4,48;;Mjölktank;;1,20;1,14;1,44;1,32;2,61;2,03;3,97;4,07
2020-11-12 13:24;54;VMS 1;VMS2;Mjölkning;05:42;9,48;3;154;;;;0;;0,60;0,54;1,08;0,90;0;0;0;0;4,25;4,21;4,43;4,39;;Mjölktank;;1,02;0,78;1,62;1,38;1,75;1,79;3,00;2,94
2020-11-12 13:27;123;VMS 1;VMS 1;Mjölkning;09:34;21,96;2;34;;;;0;;0,72;0,90;1,14;1,38;0;0;0;0;5,08;5,04;5,09;5,42;;Mjölktank;;1,02;1,20;1,62;1,86;3,91;4,33;7,96;5,76
2020-11-12 13:32;55;VMS 1;VMS2;Mjölkning;09:47;8,47;2;117;;HB;HB;0;;1,02;1,02;0,84;0,00;0;0;0;0;4,13;4,28;4,23;0,00;;Mjölktank;;1,74;1,62;1,38;0,00;2,32;2,89;3,26;0,00
2020-11-12 13:38;40;VMS 1;VMS 1;Mjölkning;06:12;17,94;2;28;;;;0;;1,32;1,44;;1,50;0;0;;0;4,75;4,71;;5,29;;Mjölktank;;1,74;1,92;;2,04;5,95;5,79;;6,20
2020-11-12 13:45;77;VMS 1;VMS 1;Mjölkning;06:27;8,96;3;334;;;;0;;1,14;1,26;1,44;1,02;0;0;0;0;5,02;5,18;4,96;5,28;;Mjölktank;;1,80;1,86;2,10;1,68;1,57;3,03;3,51;0,85
2020-11-12 13:51;55;VMS 1;VMS2;Mjölkning;02:44;1,03;3;;;HB;VF,HF,VB;0;;0,00;0,00;0,00;0,72;0;0;0;0;0,00;0,00;0,00;4,25;;Mjölktank;;0,00;0,00;0,00;1,08;0,00;0,00;0,00;1,03
2020-11-12 13:52;99;VMS 1;VMS 1;Mjölkning;06:11;8,90;3;531;;;;0;;0,72;0,78;0,84;0,90;0;0;0;0;4,55;4,64;4,63;5,01;;Mjölktank;;1,02;1,14;1,08;1,26;2,28;2,14;2,23;2,25
2020-11-12 13:56;65;VMS 1;VMS2;Mjölkning;05:46;18,75;2;54;;;;0;;1,26;1,20;1,56;1,50;0;0;0;0;4,47;4,55;4,49;4,52;;Mjölktank;;1,56;1,74;1,98;1,98;3,83;4,17;5,17;5,58
2020-11-12 14:02;84;VMS 1;VMS2;Mjölkning;06:02;7,36;2;20;;;;0;;1,08;1,08;1,02;;0;0;0;;4,20;4,21;4,22;;;Mjölktank;;1,56;1,80;1,44;;2,17;3,28;1,91;
2020-11-12 14:02;95;VMS 1;VMS 1;Mjölkning;05:28;10,29;3;60;;;;0;;1,02;1,02;1,02;0,90;0;0;0;0;4,29;4,17;4,16;4,40;;Mjölktank;;1,44;1,44;1,44;1,44;2,30;2,38;2,80;2,81
2020-11-12 14:09;9;VMS 1;VMS 1;Mjölkning;04:44;10,52;4;25;;;;0;;1,14;0,96;1,20;1,08;0;0;0;0;4,35;4,51;4,43;4,80;;Mjölktank;;1,56;1,26;1,74;1,56;2,42;2,28;2,77;3,05
2020-11-12 14:15;27;VMS 1;VMS 1;Mjölkning;10:44;17,84;2;17;;;;0;;0,84;;0,96;0,90;0;;0;0;5,02;;4,90;5,27;;Mjölktank;;1,26;;1,44;1,26;5,09;;6,84;5,91
2020-11-12 14:20;41;VMS 1;VMS2;Mjölkning;07:50;9,46;2;17;;;;1;VF;0,60;0,66;0,96;0,54;0;0;0;0;5,94;4,88;5,63;4,92;;Mjölktank;;0,96;0,96;1,32;1,20;1,09;1,98;3,54;2,85
2020-11-12 14:26;29;VMS 1;VMS 1;Mjölkning;06:28;13,16;2;37;;;;0;;1,20;1,20;;1,26;0;0;;0;4,55;4,58;;4,86;;Mjölktank;;1,68;1,68;;2,10;5,26;4,12;;3,78
2020-11-12 14:29;70;VMS 1;VMS2;Mjölkning;13:03;17,79;2;25;;;;0;;0,78;0,72;0,54;;0;0;0;;4,66;4,42;4,49;;;Mjölktank;;1,26;1,20;0,96;;5,17;6,64;5,98;
2020-11-12 14:33;103;VMS 1;VMS 1;Mjölkning;08:31;10,93;2;42;;;;0;;0,60;0,42;0,60;0,66;0;0;0;0;4,62;4,05;4,56;4,86;;Mjölktank;;0,96;0,66;0,90;1,08;2,66;2,31;2,94;3,02
2020-11-12 14:42;100;VMS 1;VMS 1;Mjölkning;05:21;7,11;2;20;;;;0;;;0,78;0,84;0,72;;0;0;0;;4,59;4,70;4,85;;Mjölktank;;;1,20;1,20;1,20;;2,02;2,61;2,48
2020-11-12 14:51;1;VMS 1;VMS2;Mjölkning;07:37;15,52;2;48;;;;0;;1,44;0,96;1,14;0,66;0;0;0;0;5,33;4,82;4,96;4,79;;Mjölktank;;1,86;1,50;1,56;1,20;5,21;4,38;3,88;2,05
2020-11-12 14:52;93;VMS 1;VMS 1;Mjölkning;04:46;7,76;4;22;;;;0;;0,66;0,78;1,02;0,90;0;0;0;0;4,35;4,39;4,29;4,58;;Mjölktank;;0,96;1,08;1,44;1,20;1,49;1,75;2,25;2,27
2020-11-12 14:59;79;VMS 1;VMS2;Mjölkning;06:01;12,10;3;165;;;;0;;1,38;1,26;1,20;1,26;0;0;0;0;4,52;4,69;4,66;4,62;;Mjölktank;;1,74;1,68;1,62;1,80;3,13;2,99;3,04;2,94
2020-11-12 15:00;66;VMS 1;VMS 1;Mjölkning;05:51;11,11;3;114;;;;1;VF;0,30;0,90;1,32;1,32;0;0;0;0;5,76;4,66;4,56;4,91;;Mjölktank;;0,72;1,26;1,68;1,68;0,32;3,26;4,37;3,16
2020-11-12 15:08;34;VMS 1;VMS 1;Mjölkning;04:54;12,39;2;177;;;;0;;1,68;1,44;1,62;1,20;0;0;0;0;4,68;4,53;4,57;4,85;;Mjölktank;;2,34;1,98;2,52;1,92;3,20;3,24;3,26;2,69
2020-11-12 15:14;71;VMS 1;VMS2;Mjölkning;07:06;10,32;3;294;;;;0;;0,78;0,90;0,96;0,84;0;0;0;0;4,12;4,36;4,29;4,25;;Mjölktank;;1,08;1,44;1,32;1,20;1,81;1,99;2,94;3,58
2020-11-12 15:15;92;VMS 1;VMS 1;Mjölkning;06:36;9,62;3;;;;;0;;0,78;0,90;1,20;0,90;0;0;0;0;4,75;4,93;4,84;5,05;;Mjölktank;;1,32;1,32;1,50;1,32;1,93;1,98;2,92;2,79
2020-11-12 15:22;47;VMS 1;VMS2;Mjölkning;07:16;14,44;3;57;;;;0;;1,02;;1,02;1,08;0;;0;0;4,25;;4,15;4,25;;Mjölktank;;1,50;;1,44;1,56;3,43;;5,54;5,47
2020-11-12 15:22;37;VMS 1;VMS 1;Mjölkning;05:27;13,07;3;51;;;;0;;0,84;0,96;1,32;1,32;0;0;0;0;5,02;4,93;4,97;5,51;;Mjölktank;;1,20;1,26;1,80;1,80;1,90;2,21;4,55;4,41
2020-11-12 15:38;38;VMS 1;VMS 1;Mjölkning;07:24;11,97;4;42;;;;0;;0,78;;1,02;1,08;0;;0;0;4,15;;4,24;4,50;;Mjölktank;;1,32;;1,38;1,56;2,23;;5,29;4,45
2020-11-12 15:52;58;VMS 1;VMS 1;Mjölkning;05:08;9,35;3;191;;;;0;;1,74;1,38;0,30;1,50;0;0;0;0;4,89;4,66;4,51;4,77;;Mjölktank;;2,22;1,92;0,66;2,46;3,11;2,36;0,33;3,55
2020-11-12 15:58;97;VMS 1;VMS 1;Mjölkning;19:45;14,57;2;257;;;;0;;;1,02;1,02;0,72;;0;0;0;;4,53;4,31;4,70;;Mjölktank;;;1,50;1,74;1,68;;4,57;5,78;4,22
2020-11-12 16:00;74;VMS 1;VMS2;Mjölkning;04:59;12,45;3;62;;;;0;;1,02;1,02;1,56;1,56;0;0;0;0;4,99;4,35;4,49;4,72;;Mjölktank;;1,32;1,38;2,10;2,22;1,44;2,41;4,39;4,21
2020-11-12 16:05;25;VMS 1;VMS2;Mjölkning;07:43;16,87;3;57;;;;0;;1,38;;1,08;1,38;0;;0;0;4,25;;4,36;4,79;;Mjölktank;;1,98;;1,62;1,92;4,01;;6,16;6,70
2020-11-12 16:14;14;VMS 1;VMS2;Mjölkning;06:02;11,87;3;88;;;;0;;1,02;;1,26;1,14;0;;0;0;4,45;;4,83;4,65;;Divert 1;;1,32;;1,80;1,74;3,51;;3,99;4,37
2020-11-12 16:19;0;VMS 1;VMS 1;Mjölkning;08:40;8,89;4;217;;;;0;;0,72;0,78;0,90;0,42;0;0;0;0;4,48;4,67;4,85;4,90;;Mjölktank;;1,08;1,50;1,26;0,78;2,89;1,96;3,42;0,62
2020-11-12 16:20;31;VMS 1;VMS2;Mjölkning;06:29;14,88;2;211;;;;0;VF;0,84;1,26;2,04;1,86;0;0;0;0;5,13;4,76;4,22;4,45;;Divert 2;;1,20;1,68;2,76;2,70;1,61;2,52;5,64;5,11
2020-11-12 16:28;19;VMS 1;VMS2;Mjölkning;08:32;15,89;3;228;;;;0;;0,78;1,02;0,72;0,78;0;0;0;0;4,38;4,76;4,50;4,18;;Mjölktank;;1,20;1,56;1,20;1,14;2,87;3,61;4,29;5,12
2020-11-12 16:28;20;VMS 1;VMS 1;Mjölkning;09:04;18,64;3;331;;;;0;;;1,20;1,02;0,96;;0;0;0;;4,73;5,19;4,96;;Mjölktank;;;1,62;1,38;1,50;;5,65;5,76;7,23
2020-11-12 16:37;60;VMS 1;VMS2;Mjölkning;07:11;10,64;3;285;;;;1;;0,78;0,78;0,54;0,66;0;0;0;0;5,32;4,95;4,90;4,86;;Mjölktank;;1,14;1,14;0,90;0,96;2,42;2,88;2,75;2,59
2020-11-12 16:38;39;VMS 1;VMS 1;Mjölkning;08:02;10,27;2;82;;;;0;;0,42;0,66;0,90;0,66;0;0;0;0;4,02;4,53;4,45;4,69;;Mjölktank;;0,66;1,08;1,26;1,08;0,57;1,66;4,31;3,73
2020-11-12 16:45;69;VMS 1;VMS2;Mjölkning;05:22;13,89;3;225;;;;0;;1,14;1,26;1,32;1,20;0;0;0;0;3,98;4,15;3,96;4,06;;Mjölktank;;1,50;1,68;1,86;1,62;3,67;3,13;3,26;3,83
2020-11-12 16:47;178;VMS 1;VMS 1;Mjölkning;07:55;12,83;2;688;;;;1;;0,48;1,02;0,54;0,84;0;0;0;0;6,37;6,14;6,92;6,16;;Mjölktank;;0,72;1,50;0,78;1,26;2,42;2,87;2,41;5,13
2020-11-12 16:53;21;VMS 1;VMS2;Mjölkning;06:50;15,39;3;68;;;;1;;1,08;1,08;1,50;0,72;0;0;0;0;4,51;4,48;4,30;4,99;;Mjölktank;;1,74;1,50;2,10;1,20;4,14;3,73;5,10;2,42
2020-11-12 16:55;94;VMS 1;VMS 1;Mjölkning;04:10;7,92;4;611;;;;0;;0,96;1,02;1,08;1,08;0;0;0;0;4,76;4,80;4,71;4,89;;Mjölktank;;1,38;1,50;1,44;1,56;2,10;1,87;2,01;1,94
2020-11-12 17:00;52;VMS 1;VMS 1;Mjölkning;04:43;12,66;2;265;;;;0;;1,38;1,92;1,68;1,56;0;0;0;0;4,49;4,40;4,44;4,96;;Mjölktank;;2,16;2,40;2,52;2,28;3,17;2,86;3,75;2,88
2020-11-12 17:01;78;VMS 1;VMS2;Mjölkning;05:08;11,55;3;17;;;;0;;1,08;1,26;1,08;0,96;0;0;0;0;4,18;4,22;4,24;4,25;;Mjölktank;;1,38;1,56;1,44;1,26;2,81;3,27;3,06;2,41
2020-11-12 17:06;2;VMS 1;VMS 1;Mjölkning;10:32;23,12;2;328;;;;0;;0,84;0,84;1,02;1,08;0;0;0;0;5,70;5,21;5,31;5,49;;Mjölktank;;1,26;1,26;1,44;1,56;4,45;5,06;8,26;5,35
2020-11-12 17:08;24;VMS 1;VMS2;Mjölkning;08:08;13,96;3;242;;;;0;;0,54;0,84;0,72;0,78;0;0;0;0;4,51;4,55;4,50;4,45;;Mjölktank;;0,84;1,26;1,08;1,14;3,01;3,40;3,69;3,86
2020-11-12 17:17;42;VMS 1;VMS 1;Mjölkning;05:42;9,65;3;140;;;;0;;1,02;0,84;0,60;0,72;333;0;0;383;4,36;4,41;4,31;4,48;;Mjölktank;;1,50;1,32;1,08;1,08;2,88;2,21;1,99;2,57
2020-11-12 17:22;16;VMS 1;VMS2;Mjölkning;05:32;15,82;2;80;;;;1;VF,VB;1,32;0,72;1,80;1,38;378;425;359;345;5,18;3,88;4,84;4,39;;Mjölktank;;1,74;1,38;2,22;1,98;4,39;0,65;5,81;4,97
2020-11-12 17:25;5;VMS 1;VMS 1;Mjölkning;06:05;9,52;3;862;;;;1;HB;0,72;0,90;0,66;0,54;0;0;0;0;4,56;4,54;4,44;5,28;;Mjölktank;;1,14;1,26;1,02;1,08;2,37;2,68;2,60;1,87
2020-11-12 17:28;128;VMS 1;VMS2;Mjölkning;06:13;7,80;3;80;;;;1;VB;0,84;;0,90;0,54;373;;0;0;4,24;;5,24;4,66;;Mjölktank;;1,32;;1,26;1,02;3,34;;2,48;1,98
2020-11-12 17:31;17;VMS 1;VMS 1;Mjölkning;09:16;1,19;1;;;;VF,HF;0;;0,00;0,00;1,02;1,32;0;0;2185;2300;0,00;0,00;4,72;4,89;;Divert 3;;0,00;0,00;1,74;2,04;0,00;0,00;0,69;0,50
2020-11-12 17:35;63;VMS 1;VMS2;Mjölkning;05:05;8,85;2;140;;;;0;;0,78;1,14;1,08;1,32;0;0;0;0;4,98;5,17;4,89;4,99;;Mjölktank;;1,14;1,50;1,62;1,86;0,92;2,47;2,23;3,23
2020-11-12 17:41;80;VMS 1;VMS2;Mjölkning;06:46;12,13;2;137;;;;0;;0,54;0,84;1,08;1,38;0;0;0;0;3,91;4,03;4,09;3,79;;Mjölktank;;0,96;1,14;1,62;1,86;2,27;2,35;3,42;4,09
2020-11-12 17:47;36;VMS 1;VMS 1;Mjölkning;07:09;11,38;3;;;;;0;;0,84;1,44;1,44;0,42;0;0;0;0;5,03;4,68;4,72;4,67;;Mjölktank;;1,20;1,92;2,28;0,78;2,52;4,85;2,86;1,15
2020-11-12 17:49;28;VMS 1;VMS2;Mjölkning;13:15;14,91;3;34;;;;0;;0,36;0,48;0,42;0,36;0;0;0;0;4,11;4,23;4,16;3,99;;Mjölktank;;0,72;0,78;0,66;0,72;3,69;3,50;3,98;3,74
2020-11-12 17:59;98;VMS 1;VMS 1;Mjölkning;04:12;12,04;2;54;;;;0;;1,20;1,20;1,50;1,62;0;0;0;0;4,56;4,68;4,38;4,61;;Mjölktank;;1,56;1,74;1,98;2,04;2,52;2,44;3,54;3,54
2020-11-12 18:02;15;VMS 1;VMS2;Mjölkning;10:04;14,47;3;14;;;;0;;0,72;1,08;0,54;0,54;0;0;0;0;4,51;4,63;4,36;4,39;;Mjölktank;;1,08;1,44;0,84;0,84;3,40;3,29;3,98;3,80
2020-11-12 18:04;12;VMS 1;VMS 1;Mjölkning;04:17;8,07;2;154;;;;0;;0,42;1,32;1,32;1,20;0;0;0;0;4,62;4,95;4,72;4,87;;Mjölktank;;0,84;1,92;1,80;1,98;0,71;1,76;3,26;2,34
2020-11-12 18:09;68;VMS 1;VMS 1;Utsläppt omjölkad;22:25;;;;;;;;;;;;;;;;;;;;;;;;;;;;;;;
2020-11-12 18:13;30;VMS 1;VMS2;Mjölkning;08:00;18,11;2;60;;;;0;;0,90;1,08;0,90;1,02;0;0;0;0;4,45;4,76;4,69;4,73;;Mjölktank;;1,14;1,50;1,26;1,50;4,60;4,92;3,87;4,72
2020-11-12 18:22;48;VMS 1;VMS2;Mjölkning;06:03;8,82;3;80;;;;0;;0,84;0,96;;0,84;0;0;;0;4,25;4,35;;4,33;;Mjölktank;;1,20;1,32;;1,32;3,41;2,88;;2,53
2020-11-12 18:28;56;VMS 1;VMS2;Mjölkning;05:18;11,24;3;54;;;;0;;1,20;1,26;0,90;1,14;0;0;0;0;4,52;4,62;4,62;5,06;;Mjölktank;;1,56;1,68;1,26;1,68;2,36;2,90;3,15;2,83
2020-11-12 18:31;89;VMS 1;VMS 1;Mjölkning;06:33;8,08;3;157;;;;0;;0,84;0,84;0,90;0,84;0;0;0;0;4,43;4,47;4,32;4,60;;Mjölktank;;1,20;1,08;1,68;1,26;1,80;1,82;2,11;2,35
2020-11-12 18:35;64;VMS 1;VMS2;Mjölkning;06:13;12,33;3;111;;;;0;;1,08;1,20;;1,32;0;0;;0;4,86;4,96;;4,92;;Mjölktank;;1,50;1,74;;1,80;3,61;4,22;;4,50
2020-11-12 18:41;4;VMS 1;VMS 1;Mjölkning;05:46;15,11;2;145;;;;0;;1,26;1,26;0,96;0,90;329;0;0;0;4,69;4,68;4,79;5,14;;Mjölktank;;1,62;1,56;1,26;1,26;3,75;4,28;3,55;3,53
2020-11-12 18:44;96;VMS 1;VMS2;Mjölkning;14:18;7,83;2;;;HF,HB;HF,HB;0;;0,54;0,00;0,72;0,00;0;0;0;0;4,32;0,00;4,16;0,00;;Mjölktank;;0,96;0,00;1,26;0,00;2,52;0,00;5,31;0,00
2020-11-12 19:19;27;VMS 1;VMS2;Mjölkning;07:28;10,75;3;65;;;;0;;0,78;;0,84;0,90;0;;0;0;4,59;;4,63;4,52;;Mjölktank;;1,08;;1,20;1,32;3,18;;4,17;3,40
2020-11-12 19:19;68;VMS 1;VMS 1;Mjölkning;05:51;14,45;2;134;;;;0;;0,90;0,84;1,26;1,14;324;0;0;0;3,89;4,07;3,92;4,06;;Mjölktank;;1,56;1,26;1,98;1,62;2,75;3,08;5,74;2,88
2020-11-12 19:26;96;VMS 1;VMS 1;Mjölkning;06:48;5,34;3;;HB;;VF,VB;0;;0,00;0,66;0,00;0,72;0;0;0;0;0,00;4,41;0,00;4,33;;Mjölktank;;0,00;1,02;0,00;1,38;0,00;3,11;0,00;2,23
2020-11-12 19:29;61;VMS 1;VMS2;Mjölkning;10:04;10,31;4;22;;HB;;0;;0,96;0,90;0,90;0,66;0;0;0;0;4,52;4,49;4,77;4,39;;Mjölktank;;1,32;1,26;1,26;1,38;2,70;3,02;3,20;1,39
2020-11-12 19:34;3;VMS 1;VMS 1;Mjölkning;09:05;17,45;2;;;;;1;VB;;1,32;1,32;0,96;;0;0;0;;4,21;5,93;4,67;;Divert 2;;;1,86;1,74;1,38;;7,79;3,03;6,63
2020-11-12 19:40;54;VMS 1;VMS2;Mjölkning;07:11;11,83;4;17;;;;0;;0,78;0,54;1,20;1,20;0;0;0;0;4,45;4,29;4,49;4,25;;Mjölktank;;1,38;0,96;1,92;1,98;2,04;2,17;3,18;4,44
2020-11-12 19:44;7;VMS 1;VMS 1;Mjölkning;07:01;8,76;3;;;;;0;HB;0,66;0,42;0,78;0,84;0;0;0;0;4,50;4,56;4,91;5,34;;Mjölktank;;1,20;1,02;1,68;1,68;1,45;1,17;2,95;3,19
2020-11-12 19:48;6;VMS 1;VMS2;Mjölkning;07:47;22,63;2;31;;;;1;;1,08;0,96;1,20;1,14;0;0;0;0;4,12;4,22;4,43;4,66;;Mjölktank;;1,56;1,38;1,62;1,56;6,37;5,55;5,02;5,69
2020-11-12 19:51;9;VMS 1;VMS 1;Mjölkning;05:57;15,43;5;182;;;;0;;1,08;0,96;1,14;1,08;0;0;0;0;4,37;4,43;4,57;4,79;;Mjölktank;;1,44;1,38;1,44;1,56;3,51;3,22;4,21;4,49
2020-11-12 19:56;75;VMS 1;VMS2;Mjölkning;06:48;14,84;4;;;;;0;;0,66;0,72;0,90;1,02;0;0;0;0;4,25;4,36;4,36;4,39;;Mjölktank;;0,90;1,08;1,26;1,38;2,38;2,91;4,57;4,98
2020-11-12 19:58;93;VMS 1;VMS 1;Mjölkning;04:39;8,32;5;28;;;;0;;0,72;0,78;1,02;0,90;0;0;0;0;4,50;4,56;4,50;4,72;;Mjölktank;;1,08;1,14;1,38;1,44;1,66;1,75;2,51;2,40
2020-11-12 20:26;177;VMS 1;VMS2;Mjölkning;06:32;12,61;3;2;;;;0;;1,32;1,02;0,78;0,72;0;0;0;0;3,79;3,95;3,69;3,58;;Mjölktank;;1,62;1,56;1,20;1,14;3,32;3,39;2,96;2,94
2020-11-12 20:27;123;VMS 1;VMS 1;Mjölkning;06:58;13,91;3;11;;;;0;;0,66;0,90;1,08;1,38;0;0;0;0;4,77;4,83;4,97;5,32;;Mjölktank;;1,02;1,26;1,50;1,80;2,45;2,83;4,87;3,76
2020-11-12 20:53;43;VMS 1;VMS 1;Mjölkning;07:32;17,73;3;34;;;;0;;0,90;0,84;1,02;0,96;0;0;0;0;4,84;4,83;4,84;5,25;;Mjölktank;;1,26;1,26;1,44;1,26;3,11;3,76;5,84;5,02
2020-11-12 20:53;95;VMS 1;VMS2;Mjölkning;05:34;11,37;4;54;;;;0;;1,02;0,96;0,90;0,90;0;0;0;0;4,05;4,02;3,96;3,99;;Mjölktank;;1,50;1,44;1,26;1,32;2,61;2,55;2,95;3,26
2020-11-12 21:00;77;VMS 1;VMS2;Mjölkning;11:12;9,52;4;102;;;;0;;1,26;1,26;1,08;1,44;0;0;0;0;5,46;5,02;5,10;5,13;;Mjölktank;;1,62;1,92;1,56;2,10;2,16;2,95;0,84;3,57
2020-11-12 21:01;13;VMS 1;VMS 1;Mjölkning;08:32;11,64;2;40;;;;0;;0,60;0,54;0,72;0,72;0;0;0;0;4,64;4,70;4,57;4,85;;Mjölktank;;0,90;0,84;1,02;1,02;1,73;1,84;4,26;3,81
2020-11-12 21:10;99;VMS 1;VMS 1;Mjölkning;06:04;10,74;4;128;;;;0;;0,72;0,84;0,90;0,90;0;0;0;0;4,78;4,83;4,84;5,04;;Mjölktank;;1,08;1,14;1,14;1,32;2,72;2,60;2,64;2,78
2020-11-12 21:11;11;VMS 1;VMS2;Mjölkning;07:24;9,01;5;108;;;;1;VF;0,36;1,20;0,96;1,08;0;0;0;0;6,80;4,42;4,63;4,52;;Divert 2;;0,60;1,86;1,38;1,56;0,72;3,56;1,68;3,05
2020-11-12 21:20;22;VMS 1;VMS2;Mjölkning;10:03;9,90;3;202;;;VB;0;;0,54;1,14;0,00;1,20;0;0;0;0;4,83;4,63;0,00;4,53;;Mjölktank;;0,90;1,62;0,00;1,68;2,06;4,03;0,00;3,81
2020-11-12 21:22;23;VMS 1;VMS 1;Mjölkning;07:55;13,28;3;168;;;;0;;0,96;0,84;0,72;0,66;0;0;0;0;4,65;4,57;4,44;4,57;;Mjölktank;;1,32;1,14;1,02;1,02;2,48;3,40;3,85;3,55
2020-11-12 21:31;26;VMS 1;VMS 1;Mjölkning;06:12;18,68;3;94;;;;0;;1,62;1,68;1,68;;0;0;0;;4,84;5,04;4,84;;;Mjölktank;;2,76;2,22;2,16;;6,92;4,55;7,21;
2020-11-12 21:31;10;VMS 1;VMS2;Mjölkning;07:03;10,73;3;737;;;;0;;;1,02;1,26;1,08;;313;0;630;;4,03;4,10;4,06;;Mjölktank;;;1,38;1,68;1,44;;3,78;2,58;4,37
2020-11-12 21:37;44;VMS 1;VMS 1;Mjölkning;07:33;14,21;3;85;;;;0;;1,02;1,02;1,26;1,08;0;0;0;0;4,17;4,30;4,31;4,51;;Mjölktank;;1,50;1,32;1,68;1,50;3,38;3,43;3,59;3,81
2020-11-12 21:40;40;VMS 1;VMS2;Mjölkning;06:07;12,64;3;31;;;;0;;1,32;1,38;;1,44;0;0;;0;4,15;4,43;;4,53;;Mjölktank;;1,68;1,86;;2,10;4,34;4,03;;4,27
2020-11-12 21:46;62;VMS 1;VMS 1;Mjölkning;06:05;8,87;3;85;;;;0;;;0,66;1,02;1,32;;0;0;0;;4,23;4,24;4,44;;Mjölktank;;;1,08;1,62;2,22;;2,14;3,24;3,49
2020-11-12 21:47;65;VMS 1;VMS2;Mjölkning;06:36;13,96;3;;;;;0;;1,14;1,14;1,44;1,32;0;0;0;0;4,22;4,37;4,30;4,40;;Mjölktank;;1,44;1,68;1,80;1,80;2,93;2,98;4,15;3,90
2020-11-12 21:53;38;VMS 1;VMS 1;Mjölkning;07:41;11,50;5;80;VB,HB;;;0;;0,96;;1,14;1,14;0;;0;0;4,38;;4,44;4,64;;Mjölktank;;1,38;;1,80;1,50;2,53;;4,11;4,86
2020-11-12 21:55;66;VMS 1;VMS2;Mjölkning;07:04;12,57;4;20;;;;1;VF;0,30;0,90;1,32;1,32;0;0;0;0;5,76;4,63;4,64;4,67;;Mjölktank;;0,54;1,32;1,80;1,92;0,52;3,59;4,69;3,77
2020-11-12 22:02;57;VMS 1;VMS 1;Mjölkning;06:10;7,08;2;37;VB;;VB;0;;1,20;1,26;0,42;0,42;0;0;0;0;4,24;4,43;3,08;4,44;;Mjölktank;;2,16;1,62;0,90;0,90;2,80;3,80;0,14;0,34
2020-11-12 22:02;47;VMS 1;VMS2;Mjölkning;06:41;12,40;4;105;;;;0;;0,96;;1,02;0,96;0;;0;0;4,21;;4,13;4,10;;Mjölktank;;1,26;;1,56;1,38;2,94;;4,70;4,76
2020-11-12 22:09;0;VMS 1;VMS 1;Mjölkning;09:28;12,85;5;202;;;;0;;0,66;0,72;0,84;0,24;0;0;0;0;4,78;4,83;4,84;4,57;;Mjölktank;;1,02;1,08;1,20;0,78;3,83;3,74;4,61;0,67
2020-11-12 22:10;85;VMS 1;VMS2;Mjölkning;03:31;7,71;2;140;VB;;;0;;1,26;1,38;1,38;1,32;0;0;0;0;3,87;3,90;4,37;4,07;;Mjölktank;;1,74;2,10;1,74;1,80;1,42;1,51;2,36;2,42
2020-11-12 22:19;59;VMS 1;VMS 1;Mjölkning;06:29;16,01;3;225;;;;0;;1,14;1,08;1,38;1,20;0;0;0;0;4,38;4,63;4,31;4,37;;Mjölktank;;1,68;1,50;2,10;1,92;3,63;2,69;5,28;4,41
2020-11-12 22:19;74;VMS 1;VMS2;Mjölkning;05:21;12,47;4;114;;;;0;;0,96;1,02;1,50;1,62;0;0;0;0;4,82;4,57;4,57;4,67;;Mjölktank;;1,32;1,44;2,28;2,16;1,37;2,46;4,56;4,08
2020-11-12 22:26;88;VMS 1;VMS2;Mjölkning;06:00;13,42;2;214;HF;;;0;;0,84;0,72;1,02;0,96;0;0;0;0;4,34;4,50;4,37;4,27;;Mjölktank;;1,26;1,50;1,38;1,38;2,92;2,69;4,03;3,78
2020-11-12 22:27;94;VMS 1;VMS 1;Mjölkning;04:38;9,46;5;62;;;;0;;1,02;1,02;1,14;1,14;0;0;0;0;4,78;4,76;4,71;4,78;;Mjölktank;;1,38;1,44;1,44;1,62;2,45;2,31;2,34;2,36
2020-11-12 22:32;55;VMS 1;VMS2;Mjölkning;08:57;17,43;4;197;;;;0;;1,14;1,02;0,78;0,90;0;0;0;0;4,08;4,37;4,30;4,34;;Mjölktank;;1,50;1,38;1,20;1,26;3,94;3,73;4,29;5,47
2020-11-12 22:33;14;VMS 1;VMS 1;Mjölkning;06:01;12,81;4;105;VB;;;0;;1,02;;1,32;1,32;0;;0;0;4,58;;4,78;4,78;;Divert 1;;1,44;;1,74;1,98;3,54;;4,40;4,87
2020-11-12 22:40;91;VMS 1;VMS 1;Mjölkning;05:33;14,74;3;102;;;;0;;1,26;1,26;1,08;1,08;0;0;0;0;4,78;4,83;4,71;4,71;;Mjölktank;;1,68;1,74;1,44;1,62;3,97;3,42;3,58;3,77
2020-11-12 22:43;118;VMS 1;VMS2;Mjölkning;08:35;17,24;3;60;;;;0;;0,90;0,72;0,90;1,02;0;0;0;0;4,68;4,70;4,77;4,74;;Mjölktank;;1,32;1,20;1,32;1,44;3,57;2,92;5,27;5,48
2020-11-12 22:47;78;VMS 1;VMS 1;Mjölkning;04:16;8,61;4;31;;;;0;;0,96;1,20;1,08;0,84;0;0;0;0;4,31;4,29;4,11;4,31;;Mjölktank;;1,32;1,56;1,56;1,14;1,97;2,41;2,39;1,84
2020-11-12 22:53;5;VMS 1;VMS 1;Mjölkning;07:08;12,53;4;482;;;;1;HB;0,66;0,96;0,78;0,66;0;0;0;0;4,65;4,83;4,71;5,65;;Mjölktank;;1,08;1,38;1,08;1,14;2,81;3,36;3,49;2,87
2020-11-12 22:54;69;VMS 1;VMS2;Mjölkning;04:30;10,06;4;22;;;;0;;1,08;1,14;1,20;1,20;0;0;0;0;3,74;4,03;3,83;3,93;;Mjölktank;;1,38;1,62;1,68;1,56;2,66;2,20;2,46;2,74
2020-11-12 22:59;87;VMS 1;VMS2;Mjölkning;09:34;4,98;2;8;;VF;;0;;0,42;1,26;1,32;1,56;0;433;0;315;3,14;4,20;3,90;4,16;;Mjölktank;;1,08;1,80;2,22;2,22;0,39;1,56;1,56;1,47
2020-11-12 23:00;100;VMS 1;VMS 1;Mjölkning;05:10;7,33;3;1354;;;;0;;;0,78;0,84;0,66;;0;0;0;;4,49;4,58;4,70;;Mjölktank;;;1,20;1,26;1,14;;1,99;2,86;2,48
2020-11-12 23:07;92;VMS 1;VMS 1;Mjölkning;05:11;11,39;4;;;;;0;;0,84;1,02;1,20;1,02;0;0;0;0;4,72;4,96;4,85;4,96;;Mjölktank;;1,08;1,38;1,62;1,50;2,23;2,31;3,53;3,32
2020-11-12 23:09;71;VMS 1;VMS2;Mjölkning;05:37;9,50;4;5;;;;0;;0,78;0,78;1,02;0,84;0;0;0;0;4,36;4,49;4,50;4,53;;Mjölktank;;1,20;1,32;1,44;1,20;1,69;2,05;2,69;3,07
2020-11-12 23:13;46;VMS 1;VMS 1;Mjölkning;08:53;3,30;2;;;;;1;VB;0,30;0,66;0,66;0,72;528;0;0;374;4,05;4,76;4,90;4,38;;Mjölktank;;0,72;1,20;1,26;1,20;0,32;0,53;2,01;0,44
2020-11-12 23:15;42;VMS 1;VMS2;Mjölkning;05:17;6,31;4;57;;;;0;;1,02;0,54;0,42;0,60;369;307;0;329;4,03;4,09;3,97;3,99;;Mjölktank;;1,44;0,96;0,78;1,02;1,71;1,48;1,32;1,80
2020-11-12 23:21;83;VMS 1;VMS2;Mjölkning;05:01;7,47;2;62;;;;0;;0,90;0,96;0,96;1,20;0;303;349;0;4,36;4,63;4,50;4,60;;Mjölktank;;1,26;1,38;1,32;1,62;1,88;2,02;1,89;1,68
2020-11-12 23:23;103;VMS 1;VMS 1;Mjölkning;08:13;11,33;3;37;;;;0;;0,60;0,54;0,60;0,60;0;0;0;0;4,39;4,29;4,32;4,56;;Mjölktank;;0,90;0,84;0,84;0,90;2,76;2,72;2,99;2,86
2020-11-12 23:27;1;VMS 1;VMS2;Mjölkning;07:24;15,75;3;74;;;;0;;1,38;1,02;1,20;0,72;0;0;0;0;5,44;5,03;4,97;4,93;;Mjölktank;;1,92;1,56;1,68;1,32;5,54;3,95;4,13;2,13
2020-11-12 23:33;18;VMS 1;VMS 1;Mjölkning;06:37;7,78;2;54;;;;0;;0,84;0,54;0,60;0,30;324;0;0;0;4,19;4,42;4,25;4,15;;Mjölktank;;1,20;0,90;0,90;0,66;2,71;1,95;2,41;0,71
2020-11-12 23:35;21;VMS 1;VMS2;Mjölkning;06:47;13,18;4;231;;;;0;;0,96;1,14;1,38;0,60;0;0;0;0;4,36;4,22;4,24;4,80;;Mjölktank;;1,50;1,74;1,92;0,90;3,57;3,32;4,39;1,90
2020-11-12 23:40;34;VMS 1;VMS 1;Mjölkning;05:11;15,34;3;102;;;;0;;1,56;1,44;1,62;1,44;0;0;0;0;4,86;4,82;4,85;5,02;;Mjölktank;;2,46;2,04;2,28;2,04;3,75;4,16;4,20;3,23
2020-11-12 23:48;79;VMS 1;VMS2;Mjölkning;06:21;14,07;4;237;;;;0;;1,38;1,32;1,32;1,26;0;0;0;0;4,49;4,56;4,64;4,66;;Mjölktank;;1,74;2,04;1,68;1,68;3,62;3,38;3,29;3,78
2020-11-12 23:52;37;VMS 1;VMS 1;Mjölkning;08:03;14,41;1;77;;;;0;;0,90;0,96;1,20;1,44;0;0;0;0;5,00;4,83;5,12;5,29;;Mjölktank;;1,14;1,26;1,56;1,92;2,06;2,44;4,94;4,97
2020-11-12 23:59;70;VMS 1;VMS2;Mjölkning;09:49;13,69;1;194;;;;0;;0,84;0,72;0,66;;0;0;0;;4,36;4,16;4,24;;;Mjölktank;;1,26;1,14;1,02;;3,76;5,24;4,69;
